gems,day,month,year
bio,5,11,2021
bio,31,12,2020
bio,6,9,2019
bio,14,6,2019
bio,11,12,2018
bio,20,9,2018
bio,7,9,2016
bio,1,7,2015
bio,24,5,2013
bio,21,8,2012
bio,26,8,2011
bio,22,10,2010
bio,29,12,2009
bio,15,9,2009
bio,25,7,2009
bio,25,7,2009
bio,25,7,2009
bio,25,7,2009
bio,25,7,2009
bio,25,7,2009
bio,25,7,2009
bio-samtools,11,1,2018
bio-samtools,30,11,2017
bio-samtools,30,11,2017
bio-samtools,4,11,2016
bio-samtools,25,5,2016
bio-samtools,19,6,2015
bio-samtools,26,2,2015
bio-samtools,25,2,2015
bio-samtools,18,2,2015
bio-samtools,16,10,2014
bio-samtools,3,9,2014
bio-samtools,31,5,2014
bio-samtools,28,4,2014
bio-samtools,18,4,2014
bio-samtools,25,2,2014
bio-samtools,3,12,2012
bio-samtools,14,4,2012
bio-samtools,14,3,2012
bio-samtools,17,2,2012
bio-samtools,13,1,2012
bio-samtools,10,11,2011
bio-samtools,9,11,2011
bio-samtools,9,11,2011
bio-samtools,27,10,2011
bio-samtools,27,10,2011
bio-samtools,26,10,2011
bio-samtools,26,10,2011
bio-samtools,1,6,2011
bio-samtools,1,6,2011
bio-samtools,1,6,2011
bio-samtools,27,5,2011
bio-samtools,23,5,2011
bio-gem,20,5,2014
bio-gem,24,7,2013
bio-gem,18,4,2012
bio-gem,7,4,2012
bio-gem,20,3,2012
bio-gem,3,3,2012
bio-gem,28,2,2012
bio-gem,16,2,2012
bio-gem,5,1,2012
bio-gem,4,1,2012
bio-gem,29,11,2011
bio-gem,9,11,2011
bio-gem,9,11,2011
bio-gem,26,9,2011
bio-gem,23,9,2011
bio-gem,16,8,2011
bio-gem,5,8,2011
bio-gem,9,2,2011
bio-gem,20,1,2011
bio-gem,30,12,2010
bio-gem,24,12,2010
bio-gem,21,12,2010
bio-gem,21,12,2010
bio-gadget,1,2,2017
bio-gadget,9,6,2013
bio-gadget,30,5,2013
bio-gadget,3,5,2013
bio-gadget,3,5,2013
bio-gadget,30,4,2013
bio-gadget,14,4,2013
bio-gadget,12,4,2013
bio-gadget,10,4,2013
bio-gadget,2,4,2013
bio-gadget,17,3,2013
bio-gadget,16,3,2013
bio-gadget,25,1,2013
bio-gadget,24,1,2013
bio-gadget,24,1,2013
bio-gadget,21,1,2013
bio-gadget,13,12,2012
bio-gadget,9,12,2012
bio-gadget,7,12,2012
bio-gadget,6,12,2012
bio-gadget,12,11,2012
bio-gadget,14,10,2012
bio-gadget,20,8,2012
bio-svgenes,6,1,2014
bio-svgenes,3,1,2014
bio-svgenes,6,6,2013
bio-svgenes,10,4,2013
bio-svgenes,5,3,2013
bio-svgenes,4,3,2013
bio-svgenes,30,1,2013
bio-svgenes,18,1,2013
bio-svgenes,4,12,2012
bio-svgenes,3,12,2012
bio-svgenes,22,11,2012
bio-svgenes,22,11,2012
bio-svgenes,22,11,2012
bio-svgenes,21,11,2012
bio-maf,21,8,2012
bio-maf,21,8,2012
bio-maf,3,8,2012
bio-maf,3,8,2012
bio-maf,27,7,2012
bio-maf,27,7,2012
bio-maf,26,7,2012
bio-maf,18,7,2012
bio-maf,18,7,2012
bio-maf,9,7,2012
bio-maf,9,7,2012
bio-maf,29,6,2012
bio-maf,29,6,2012
bio-fastqc,26,7,2018
bio-fastqc,26,7,2018
bio-fastqc,26,7,2018
bio-fastqc,21,7,2018
bio-fastqc,15,12,2017
bio-fastqc,15,12,2017
bio-fastqc,14,12,2017
bio-fastqc,28,10,2016
bio-fastqc,28,10,2016
bio-fastqc,29,9,2016
bio-fastqc,29,9,2016
bio-fastqc,8,7,2016
bio-fastqc,7,7,2016
bio-fastqc,7,7,2016
bio-fastqc,26,5,2016
bio-fastqc,2,4,2016
bio-fastqc,22,3,2016
bio-fastqc,22,3,2016
bio-fastqc,22,3,2016
bio-fastqc,16,3,2016
bio-fastqc,16,3,2016
bio-fastqc,16,3,2016
bio-fastqc,16,3,2016
bio-fastqc,11,11,2015
bio-fastqc,6,11,2015
bio-fastqc,6,11,2015
bio-fastqc,6,11,2015
bio-blastxmlparser,16,9,2015
bio-blastxmlparser,7,5,2015
bio-blastxmlparser,7,11,2014
bio-blastxmlparser,7,9,2014
bio-blastxmlparser,6,9,2014
bio-blastxmlparser,2,9,2014
bio-blastxmlparser,7,2,2013
bio-blastxmlparser,8,8,2012
bio-blastxmlparser,31,7,2011
bio-blastxmlparser,26,7,2011
bio-blastxmlparser,26,4,2011
bio-blastxmlparser,14,2,2011
bio-rocker,15,8,2019
bio-rocker,5,8,2019
bio-rocker,1,8,2019
bio-rocker,20,7,2019
bio-rocker,20,7,2019
bio-rocker,2,6,2019
bio-rocker,2,6,2019
bio-rocker,28,6,2018
bio-rocker,17,5,2016
bio-rocker,28,3,2016
bio-rocker,1,12,2015
bio-rocker,21,11,2015
bio-rocker,5,6,2015
bio-rocker,14,5,2015
bio-rocker,14,5,2015
bio-rocker,7,5,2015
bio-rocker,7,5,2015
bio-rocker,23,3,2015
bio-rocker,23,3,2015
bio-rocker,22,3,2015
bio-rocker,4,2,2015
bio-rocker,22,1,2015
bio-grid,25,10,2012
bio-grid,12,10,2012
bio-grid,25,9,2012
bio-grid,24,9,2012
bio-grid,24,9,2012
bio-grid,24,9,2012
bio-grid,24,9,2012
bio-grid,24,9,2012
bio-grid,21,9,2012
bio-grid,21,9,2012
bio-grid,21,9,2012
bio-grid,20,9,2012
bio-gff3,20,8,2012
bio-gff3,20,8,2012
bio-gff3,31,7,2011
bio-gff3,17,1,2011
bio-gff3,13,1,2011
bio-gff3,3,1,2011
bio-gff3,3,1,2011
bio-gff3,3,1,2011
bio-gff3,31,12,2010
bio-gff3,29,12,2010
bio-bgzf,6,8,2012
bio-bgzf,2,8,2012
bio-bgzf,29,7,2012
bio-bgzf,29,7,2012
bio-band,16,9,2013
bio-band,14,9,2013
bio-band,14,9,2013
bio-band,14,9,2013
bio-band,13,9,2013
bio-band,11,9,2013
bio-band,11,9,2013
bio-band,2,9,2013
bio-band,30,7,2013
bio-band,27,7,2013
bio-band,25,7,2013
bio-logger,2,4,2012
bio-logger,31,7,2011
bio-logger,17,1,2011
bio-logger,12,1,2011
bio-logger,12,1,2011
bio-alignment,10,10,2017
bio-alignment,11,10,2016
bio-alignment,15,5,2014
bio-alignment,25,6,2012
bio-alignment,17,3,2012
bio-alignment,28,2,2012
bio-alignment,6,2,2012
bio-alignment,4,2,2012
bio-alignment,3,2,2012
bio-alignment,25,1,2012
bio-vcf,18,1,2021
bio-vcf,22,12,2020
bio-vcf,22,1,2016
bio-vcf,16,8,2015
bio-vcf,28,12,2014
bio-vcf,26,11,2014
bio-vcf,19,9,2014
bio-vcf,1,9,2014
bio-vcf,24,6,2014
bio-vcf,24,5,2014
bio-vcf,5,3,2014
bio-vcf,23,1,2014
bio-table,31,5,2014
bio-table,27,2,2014
bio-table,1,11,2012
bio-table,26,8,2012
bio-table,14,8,2012
bio-table,27,7,2012
bio-table,26,7,2012
bio-table,15,7,2012
bio-table,27,6,2012
bio-publisci,20,9,2013
bio-publisci,21,8,2013
bio-publisci,9,8,2013
bio-publisci,2,8,2013
bio-publisci,31,7,2013
bio-publisci,31,7,2013
bio-publisci,25,7,2013
bio-publisci,20,7,2013
bio-publisci,20,7,2013
bio-faster,13,6,2012
bio-faster,27,4,2012
bio-faster,27,4,2012
bio-faster,27,4,2012
bio-faster,2,4,2012
bio-faster,4,1,2012
bio-faster,4,1,2012
bio-ngs,6,6,2012
bio-ngs,4,6,2012
bio-ngs,29,5,2012
bio-ngs,25,5,2012
bio-ngs,21,5,2012
bio-ngs,21,3,2012
bio-ngs,21,3,2012
bio-ngs,21,3,2012
bio-ngs,13,2,2012
bio-ngs,10,10,2011
bio-bigbio,16,5,2014
bio-bigbio,3,5,2013
bio-bigbio,3,2,2012
bio-bigbio,3,2,2012
bio-bigbio,30,1,2012
bio-bigbio,30,1,2012
bio-pipengine,28,8,2017
bio-pipengine,12,8,2017
bio-pipengine,12,8,2017
bio-pipengine,12,8,2017
bio-pipengine,9,5,2016
bio-pipengine,27,4,2016
bio-pipengine,27,4,2016
bio-pipengine,14,4,2016
bio-pipengine,11,4,2016
bio-pipengine,28,1,2016
bio-pipengine,28,1,2016
bio-pipengine,26,3,2015
bio-signalp,4,8,2014
bio-signalp,18,8,2012
bio-signalp,4,4,2012
bio-signalp,29,3,2012
bio-signalp,6,1,2012
bio-signalp,25,7,2011
bio-velvet,9,1,2015
bio-velvet,3,1,2015
bio-velvet,15,7,2014
bio-velvet,14,6,2014
bio-velvet,10,6,2014
bio-velvet,1,4,2014
bio-velvet,6,1,2014
bio-velvet,20,12,2013
bio-phyta,7,12,2011
bio-phyta,2,12,2011
bio-phyta,30,11,2011
bio-phyta,21,10,2011
bio-phyta,20,10,2011
bio-sambamba,20,8,2012
bio-sambamba,20,8,2012
bio-sambamba,16,8,2012
bio-sambamba,17,7,2012
bio-sambamba,27,6,2012
bio-polyploid-tools,10,5,2021
bio-polyploid-tools,28,10,2020
bio-polyploid-tools,18,3,2020
bio-polyploid-tools,3,11,2019
bio-polyploid-tools,21,10,2019
bio-polyploid-tools,5,7,2019
bio-polyploid-tools,28,3,2019
bio-polyploid-tools,28,3,2019
bio-polyploid-tools,11,3,2019
bio-polyploid-tools,21,11,2018
bio-polyploid-tools,20,11,2018
bio-polyploid-tools,20,11,2018
bio-polyploid-tools,20,8,2018
bio-polyploid-tools,20,8,2018
bio-polyploid-tools,19,8,2018
bio-polyploid-tools,18,8,2018
bio-polyploid-tools,17,8,2018
bio-polyploid-tools,17,8,2018
bio-polyploid-tools,16,8,2018
bio-polyploid-tools,16,8,2018
bio-polyploid-tools,10,8,2018
bio-polyploid-tools,7,8,2018
bio-polyploid-tools,3,8,2018
bio-polyploid-tools,31,7,2018
bio-polyploid-tools,27,2,2018
bio-polyploid-tools,23,1,2018
bio-polyploid-tools,23,1,2018
bio-polyploid-tools,19,1,2018
bio-polyploid-tools,18,1,2018
bio-polyploid-tools,10,8,2015
bio-polyploid-tools,28,5,2015
bio-polyploid-tools,28,5,2015
bio-polyploid-tools,8,5,2015
bio-polyploid-tools,5,3,2015
bio-polyploid-tools,15,2,2015
bio-polyploid-tools,28,10,2014
bio-polyploid-tools,14,10,2014
bio-polyploid-tools,14,10,2014
bio-polyploid-tools,9,10,2014
bio-polyploid-tools,8,10,2014
bio-polyploid-tools,4,10,2014
bio-polyploid-tools,4,10,2014
bio-polyploid-tools,4,10,2014
bio-polyploid-tools,26,9,2014
bio-polyploid-tools,26,9,2014
bio-polyploid-tools,25,9,2014
bio-polyploid-tools,30,5,2014
bio-polyploid-tools,8,5,2014
bio-polyploid-tools,27,4,2014
bio-polyploid-tools,31,3,2014
bio-commandeer,10,8,2017
bio-commandeer,7,8,2017
bio-commandeer,1,8,2017
bio-commandeer,18,4,2016
bio-commandeer,6,10,2015
bio-commandeer,6,10,2015
bio-commandeer,13,1,2014
bio-commandeer,12,1,2014
bio-assembly,12,1,2011
bio-assembly,28,12,2010
bio-assembly,27,12,2010
bio-assembly,27,12,2010
bio-nexml,9,5,2012
bio-nexml,21,9,2011
bio-nexml,15,8,2011
bio-nexml,1,3,2011
bio-graphics,25,7,2009
bio-graphics,25,7,2009
bio-graphics,25,7,2009
bio-tabix,30,9,2013
bio-tabix,19,9,2013
bio-tabix,7,5,2012
bio-tabix,7,5,2012
bio-ucsc-api,11,5,2018
bio-ucsc-api,12,9,2017
bio-ucsc-api,17,8,2017
bio-ucsc-api,26,3,2014
bio-ucsc-api,13,3,2014
bio-ucsc-api,11,12,2013
bio-ucsc-api,27,8,2013
bio-ucsc-api,20,12,2012
bio-ucsc-api,27,9,2012
bio-ucsc-api,23,8,2012
bio-ucsc-api,7,3,2012
bio-ucsc-api,6,9,2011
bio-ucsc-api,23,8,2011
bio-ucsc-api,14,8,2011
bio-ucsc-api,8,8,2011
bio-ucsc-api,7,7,2011
bio-ucsc-api,19,6,2011
bio-ucsc-api,5,5,2011
bio-ucsc-api,25,4,2011
bio-ucsc-api,22,4,2011
bio-octopus,2,5,2011
bio-octopus,17,4,2011
bio-octopus,10,4,2011
bio-plasmoap,14,4,2016
bio-plasmoap,14,4,2016
bio-plasmoap,6,1,2012
bio-plasmoap,6,1,2012
bio-bwa,15,4,2011
bio-bwa,22,3,2011
bio-bwa,22,3,2011
bio-lazyblastxml,1,6,2011
bio-lazyblastxml,31,5,2011
bio-lazyblastxml,30,5,2011
bio-krona,12,12,2015
bio-krona,16,8,2013
bio-krona,17,7,2013
bio-krona,8,8,2012
bio-gngm,6,12,2012
bio-gngm,15,11,2012
bio-gngm,19,3,2012
bio-liftover,11,3,2014
bio-liftover,11,3,2014
bio-liftover,11,3,2014
bio-liftover,11,3,2014
bio-chembl,23,7,2012
bio-chembl,22,7,2012
bio-chembl,21,7,2012
bio-rdf,23,5,2012
bio-rdf,1,5,2012
bio-rdf,7,4,2012
bio-affy,9,12,2011
bio-affy,5,12,2011
bio-affy,3,12,2011
bio-unichem,9,2,2013
bio-unichem,9,2,2013
bio-unichem,9,2,2013
bio-synreport,16,5,2013
bio-synreport,16,5,2013
bio-synreport,21,11,2012
bio-sra,21,12,2015
bio-sra,12,12,2015
bio-sra,15,12,2014
bio-sra,15,12,2014
bio-protparam,27,12,2012
bio-protparam,17,12,2012
bio-locus,14,9,2015
bio-locus,10,10,2014
bio-locus,5,6,2014
bio-core,30,8,2011
bio-core,6,8,2011
bio-basespace-sdk,8,8,2013
bio-basespace-sdk,5,8,2013
bio-basespace-sdk,29,7,2013
bio-basespace-sdk,20,7,2013
bio-basespace-sdk,20,7,2013
bio-gag,5,11,2012
bio-gag,17,5,2012
bio-mummer,31,3,2015
bio-mummer,23,3,2015
bio-mummer,10,2,2015
bio-gggenome,13,8,2013
bio-gggenome,12,8,2013
bio-ipcress,9,1,2017
bio-ipcress,8,8,2012
bio-repeatmasker,23,1,2014
bio-repeatmasker,11,1,2014
bio-cigar,28,2,2014
bio-cigar,27,2,2014
bio-dbla-classifier,22,2,2013
bio-dbla-classifier,20,2,2012
bio-dbla-classifier,20,2,2012
bio-dbla-classifier,13,10,2011
bio-dbla-classifier,10,10,2011
bio-dbla-classifier,30,9,2011
bio-tm_hmm,6,4,2017
bio-tm_hmm,6,4,2017
bio-tm_hmm,1,12,2012
bio-tm_hmm,3,5,2012
bio-tm_hmm,6,4,2011
bio-tm_hmm,3,4,2011
bio-tm_hmm,3,5,2012
bio-shell,8,11,2021
bio-shell,14,6,2019
bio-shell,15,9,2017
bio-gfastqc,26,6,2015
bio-gfastqc,22,3,2015
bio-sge,23,12,2010
bio-freebayes,22,5,2015
bio-freebayes,21,5,2015
bio-hello,31,12,2010
bio-kmer_counter,30,5,2013
bio-kmer_counter,27,3,2013
bio-kmer_counter,29,8,2012
bio-kmer_counter,9,8,2012
bio-kmer_counter,9,7,2012
bio-kmer_counter,8,6,2012
bio-biolinux,24,9,2011
bio-ensembl,6,12,2011
bio-dbsnp,3,11,2011
bio-foo,1,11,2011
bio-hydropathy,26,1,2012
bio-phyloxml,24,5,2012
bio-exportpred,20,1,2012
bio-incanter,6,8,2012
bio-fasta_retrieve,27,8,2015
bio-fasta_retrieve,13,8,2015
bio-fasta_retrieve,13,8,2015
bio-fasta_retrieve,13,8,2015
bio-fasta_retrieve,13,8,2015
bio-fasta_retrieve,13,8,2015
bio-fasta_retrieve,13,8,2015
bio-isoelectric_point,1,3,2012
bio-isoelectric_point,25,2,2012
bio-isoelectric_point,30,1,2011
bio-isoelectric_point,24,12,2010
bio-executables,14,6,2019
bio-executables,15,9,2017
bio-pangenome,25,4,2020
bio-pangenome,24,4,2020
bio-pangenome,27,11,2019
bio-stockholm,19,6,2013
bio-kseq,16,7,2014
bioruby-bio,11,8,2014
bioruby-bio,11,8,2014
bioruby-bio,11,8,2014
bioruby-bio,11,8,2014
bioruby-bio,11,8,2014
bioruby-bio,11,8,2014
bio-raxml,16,7,2013
bio-velvet_underground,1,8,2016
bio-velvet_underground,9,1,2015
bio-velvet_underground,5,1,2015
bio-velvet_underground,5,1,2015
bio-velvet_underground,23,5,2014
bio-velvet_underground,31,3,2014
bio-nwk,6,4,2022
bio-nwk,14,3,2022
bio-nwk,18,11,2021
bio-nwk,6,7,2020
bio-nwk,6,7,2020
bio-genomic-interval,20,4,2011
bio-genomic-interval,18,4,2011
bio-genomic-interval,7,4,2011
bio-gemma-wrapper,22,1,2022
bio-gemma-wrapper,26,11,2021
bio-gemma-wrapper,25,11,2021
bio-gemma-wrapper,22,8,2021
bio-gemma-wrapper,8,8,2021
bio-gemma-wrapper,11,7,2021
bio-gemma-wrapper,20,11,2018
bio-gemma-wrapper,19,11,2018
bio-gemma-wrapper,19,7,2018
bio-gemma-wrapper,10,2,2018
bio-gemma-wrapper,3,9,2017
bio-gemma-wrapper,29,8,2017
bio-exominer,1,3,2014
bio-faidx,7,10,2014
bio-statsample-timeseries,23,9,2013
bio-statsample-timeseries,17,9,2013
bio-statsample-timeseries,3,9,2013
bio-statsample-timeseries,26,7,2013
bio-pileup_iterator,19,11,2012
bio-pileup_iterator,15,8,2012
bio-pileup_iterator,17,5,2012
bio-picard,21,5,2015
bio-gff3-pltools,7,8,2012
bio-gff3-pltools,16,7,2012
bio-gff3-pltools,5,7,2012
bio-ucsc-util,2,10,2012
bio-ucsc-util,2,10,2012
bio-ucsc-util,7,8,2012
bio-kallisto,5,10,2015
bio-jaspar,30,9,2015
bio-conduit,4,9,2015
ngoto-bio,10,8,2014
ngoto-bio,10,8,2014
ngoto-bio,10,8,2014
ngoto-bio,10,8,2014
ngoto-bio,10,8,2014
bio-plates,29,1,2016
bio-kb-illumina,11,1,2011
bio-kb-illumina,24,11,2010
bio-biostars-analytics,8,4,2014
bio-biostars-analytics,7,4,2014
bio-biostars-analytics,6,4,2014
bio-biosql,17,6,2016
bio-cnls_screenscraper,6,5,2012
bio-cnls_screenscraper,21,2,2011
bio-hmmer_model,25,5,2012
bio-hmmer_model,18,5,2012
bio-qtlHD,16,11,2011
bio-iqtree,20,8,2019
bio-hmmer3_report,6,8,2015
bio-hmmer3_report,18,5,2012
bio-primer3,18,3,2014
bio-polymarker_db_batch,5,3,2015
bio-polymarker_db_batch,5,3,2015
bio-polymarker_db_batch,14,10,2014
bio-polymarker_db_batch,25,9,2014
bio-polymarker_db_batch,25,9,2014
bio-polymarker_db_batch,25,9,2014
bio-polymarker_db_batch,21,7,2014
bio-polymarker_db_batch,21,7,2014
bio-polymarker_db_batch,18,7,2014
bio-ensembl-rest,27,9,2013
bio-ensembl-rest,28,8,2013
bio-statsample-glm,23,9,2013
bio-statsample-glm,23,9,2013
muscle_bio,4,2,2022
muscle_bio,21,6,2019
muscle_bio,11,6,2019
muscle_bio,11,6,2019
muscle_bio,11,6,2019
bio-samtools-server,30,5,2014
bio-samtools-server,27,4,2014
bio-restriction_enzyme,10,9,2011
bio-core-ext,30,8,2011
bio-cd-hit-report,26,4,2013
bio-cd-hit-report,16,9,2012
bio-cd-hit-report,14,9,2012
bio-cd-hit-report,14,9,2012
bio-aliphatic_index,26,1,2012
intermine-bio,2,8,2011
bio-twobit,14,1,2022
bio-twobit,18,12,2021
bio-img_metadata,11,1,2013
bio-blat-tools,3,10,2014
bio-location-rdfize,10,11,2014
bio-sparql-client,19,2,2016
bio-wolf_psort_wrapper,20,1,2012
bio-wolf_psort_wrapper,20,1,2012
jandot-bio,11,8,2014
bio-sam-mutation,8,2,2016
bio-old-biofetch-emulator,13,6,2016
bio-old-biofetch-emulator,13,11,2014
bio-express_beta_diversity,21,1,2014
bio-express_beta_diversity,12,1,2014
bio-blast-xmlparser,14,6,2019
bio-bigwig,30,1,2022
lorem_ipsum_bio,29,4,2017
lorem_ipsum_bio,29,4,2017
lorem_ipsum_bio,29,4,2017
lorem_ipsum_bio,29,4,2017
lorem_ipsum_bio,29,4,2017
bio-data-restriction_enzyme,10,9,2011
bio-blast_seq_extract,20,12,2019
bio-blast_seq_extract,13,12,2019
bio-cgranges,15,5,2022
bio-cgranges,13,5,2022
bio-emboss_six_frame_nucleotide_sequences,3,4,2011
geni-svgenes,30,1,2017
bioruby-phyloxml,15,6,2016
eutils,27,6,2013
eutils,27,4,2011
eutils,30,8,2010
eutils,26,8,2010
eutils,25,8,2010
bioroebe,2,6,2022
htslib,29,5,2022
htslib,6,5,2022
htslib,15,4,2022
htslib,15,3,2022
htslib,3,1,2022
htslib,26,12,2021
htslib,22,12,2021
htslib,8,7,2021
htslib,18,6,2021
htslib,25,1,2021
htslib,21,10,2020
htslib,20,8,2020
